files,status
path,0
imagesr/r/l/z/rlz20d00/521107137+-7140.tif,1
imagesk/k/w/s/kws90e00/91514628.tif,1
imagesk/k/f/z/kfz64c00/91507726_7727.tif,1
imagesq/q/i/z/qiz36c00/2070435354.tif,1
imagesk/k/s/v/ksv13c00/92270027_0029.tif,1
imagesg/g/g/j/ggj23d00/513168144_513168162.tif,0
imagesb/b/l/s/bls90e00/91514997.tif,1
imagesm/m/y/x/myx51d00/518492808+-2842.tif,1
imagesz/z/g/s/zgs29e00/2501227412.tif,1
imagesq/q/g/g/qgg01d00/522837287+-7300.tif,1
imagesr/r/t/k/rtk48c00/2083632462.tif,0
imagesh/h/q/i/hqi23d00/513169239_513169240.tif,1
imagesj/j/i/v/jiv80e00/88131647.tif,1
imagesq/q/b/t/qbt90e00/91514391.tif,1
imagesi/i/h/v/ihv80e00/88131620.tif,1
imagesb/b/d/w/bdw3aa00/10397110.tif,1
imagesj/j/n/a/jna46c00/2070424201.tif,1
imagesv/v/s/d/vsd53c00/92243549.tif,1
imagesw/w/v/m/wvm23c00/89273136a.tif,1
